<?xml version="1.0" encoding="UTF-8"?>
<modes>
  <mode name="en-bn" install="yes">
    <pipeline>
      <program name="lt-proc">
        <file name="en-bn.automorf.bin"/>
      </program>
<!--      <program name="apertium-tagger -g $2"> -->
      <program name="apertium-tagger -g">
        <file name="en-bn.prob"/>
      </program>
      <program name="apertium-pretransfer"/>
      <program name="apertium-transfer">
        <file name="apertium-bn-en.en-bn.t1x"/>
        <file name="en-bn.t1x.bin"/>
        <file name="en-bn.autobil.bin"/>
      </program>
      <program name="apertium-interchunk">
        <file name="apertium-bn-en.en-bn.t2x"/>
        <file name="en-bn.t2x.bin"/>
      </program>
      <program name="apertium-postchunk">
        <file name="apertium-bn-en.en-bn.t3x"/>
        <file name="en-bn.t3x.bin"/>
      </program>
      <program name="lt-proc $1">
        <file name="en-bn.autogen.bin"/>
      </program>
    </pipeline>
  </mode>

  <mode name="en-bn-tagger">
    <pipeline>
      <program name="lt-proc">
        <file name="en-bn.automorf.bin"/>
      </program>
<!--      <program name="apertium-tagger -g $2"> -->
      <program name="apertium-tagger -g">
        <file name="en-bn.prob"/>
      </program>
      <program name="apertium-pretransfer"/>
    </pipeline>
  </mode>

  <mode name="en-bn-chunker">
    <pipeline>
      <program name="lt-proc">
        <file name="en-bn.automorf.bin"/>
      </program>
<!--      <program name="apertium-tagger -g $2"> -->
      <program name="apertium-tagger -g">
        <file name="en-bn.prob"/>
      </program>
      <program name="apertium-pretransfer"/>
      <program name="apertium-transfer">
        <file name="apertium-bn-en.en-bn.t1x"/>
        <file name="en-bn.t1x.bin"/>
        <file name="en-bn.autobil.bin"/>
      </program>
    </pipeline>
  </mode>

  <mode name="en-bn-interchunk">
    <pipeline>
      <program name="lt-proc">
        <file name="en-bn.automorf.bin"/>
      </program>
<!--      <program name="apertium-tagger -g $2"> -->
      <program name="apertium-tagger -g">
        <file name="en-bn.prob"/>
      </program>
      <program name="apertium-pretransfer"/>
      <program name="apertium-transfer">
        <file name="apertium-bn-en.en-bn.t1x"/>
        <file name="en-bn.t1x.bin"/>
        <file name="en-bn.autobil.bin"/>
      </program>
      <program name="apertium-interchunk">
        <file name="apertium-bn-en.en-bn.t2x"/>
        <file name="en-bn.t2x.bin"/>
      </program>
    </pipeline>
  </mode>

  <mode name="en-bn-postchunk">
    <pipeline>
      <program name="lt-proc">
        <file name="en-bn.automorf.bin"/>
      </program>
<!--      <program name="apertium-tagger -g $2"> -->
      <program name="apertium-tagger -g">
        <file name="en-bn.prob"/>
      </program>
      <program name="apertium-pretransfer"/>
      <program name="apertium-transfer">
        <file name="apertium-bn-en.en-bn.t1x"/>
        <file name="en-bn.t1x.bin"/>
        <file name="en-bn.autobil.bin"/>
      </program>
      <program name="apertium-interchunk">
        <file name="apertium-bn-en.en-bn.t2x"/>
        <file name="en-bn.t2x.bin"/>
      </program>
      <program name="apertium-postchunk">
        <file name="apertium-bn-en.en-bn.t3x"/>
        <file name="en-bn.t3x.bin"/>
      </program>
    </pipeline>
  </mode>

  <mode name="bn-en" install="yes">
    <pipeline>
      <program name="lt-proc">
        <file name="bn-en.automorf.bin"/>
      </program>
<!--      <program name="apertium-tagger -g $2"> -->
      <program name="apertium-tagger -g">
        <file name="bn-en.prob"/>
      </program>
      <program name="apertium-pretransfer"/>
      <program name="apertium-transfer">
        <file name="apertium-bn-en.bn-en.t1x"/>
        <file name="bn-en.t1x.bin"/>
        <file name="bn-en.autobil.bin"/>
      </program>
      <program name="apertium-interchunk">
        <file name="apertium-bn-en.bn-en.t2x"/>
        <file name="bn-en.t2x.bin"/>
      </program>
      <program name="apertium-postchunk">
        <file name="apertium-bn-en.bn-en.t3x"/>
        <file name="bn-en.t3x.bin"/>
      </program>
      <program name="lt-proc $1">
        <file name="bn-en.autogen.bin"/>
      </program>
    </pipeline>
  </mode>

</modes>
